{
  "dataset": "MAWI26",
  "trace": "dataset/Mawi/mawi26.dat",
  "memories": [
    16,
    32,
    64,
    128,
    256
  ],
  "rows": 4,
  "hh_pct": 0.1,
  "hh_threshold": 8000.0,
  "true_hh_count": 103,
  "results": {
    "CMS": {
      "memory": [
        16,
        32,
        64,
        128,
        256
      ],
      "precision": [
        0.015373134328358209,
        0.5282051282051282,
        0.9035087719298246,
        0.9809523809523809,
        0.9903846153846154
      ],
      "recall": [
        1.0,
        1.0,
        1.0,
        1.0,
        1.0
      ],
      "f1": [
        0.03028075848890195,
        0.691275167785235,
        0.9493087557603688,
        0.9903846153846153,
        0.9951690821256038
      ],
      "tp": [
        103,
        103,
        103,
        103,
        103
      ],
      "fp": [
        6597,
        92,
        11,
        2,
        1
      ],
      "fn": [
        0,
        0,
        0,
        0,
        0
      ],
      "predicted_hh_count": [
        6700,
        195,
        114,
        105,
        104
      ]
    },
    "CountLess": {
      "memory": [
        16,
        32,
        64,
        128,
        256
      ],
      "precision": [
        0.2696335078534031,
        0.824,
        0.9716981132075472,
        1.0,
        1.0
      ],
      "recall": [
        1.0,
        1.0,
        1.0,
        1.0,
        1.0
      ],
      "f1": [
        0.4247422680412371,
        0.9035087719298246,
        0.985645933014354,
        1.0,
        1.0
      ],
      "tp": [
        103,
        103,
        103,
        103,
        103
      ],
      "fp": [
        279,
        22,
        3,
        0,
        0
      ],
      "fn": [
        0,
        0,
        0,
        0,
        0
      ],
      "predicted_hh_count": [
        382,
        125,
        106,
        103,
        103
      ]
    },
    "Aegis": {
      "memory": [
        16,
        32,
        64,
        128,
        256
      ],
      "precision": [
        1.0,
        1.0,
        1.0,
        1.0,
        1.0
      ],
      "recall": [
        0.9902912621359223,
        1.0,
        1.0,
        1.0,
        1.0
      ],
      "f1": [
        0.9951219512195122,
        1.0,
        1.0,
        1.0,
        1.0
      ],
      "tp": [
        102,
        103,
        103,
        103,
        103
      ],
      "fp": [
        0,
        0,
        0,
        0,
        0
      ],
      "fn": [
        1,
        0,
        0,
        0,
        0
      ],
      "predicted_hh_count": [
        102,
        103,
        103,
        103,
        103
      ]
    },
    "Elastic": {
      "memory": [
        16,
        32,
        64,
        128,
        256
      ],
      "precision": [
        0.9863013698630136,
        1.0,
        1.0,
        1.0,
        1.0
      ],
      "recall": [
        0.6990291262135923,
        0.8155339805825242,
        0.912621359223301,
        0.970873786407767,
        0.9902912621359223
      ],
      "f1": [
        0.8181818181818181,
        0.8983957219251336,
        0.9543147208121827,
        0.9852216748768473,
        0.9951219512195122
      ],
      "tp": [
        72,
        84,
        94,
        100,
        102
      ],
      "fp": [
        1,
        0,
        0,
        0,
        0
      ],
      "fn": [
        31,
        19,
        9,
        3,
        1
      ],
      "predicted_hh_count": [
        73,
        84,
        94,
        100,
        102
      ]
    },
    "Nitro": {
      "memory": [
        16,
        32,
        64,
        128,
        256
      ],
      "precision": [
        0.015421470279982034,
        0.5421052631578948,
        0.911504424778761,
        0.9809523809523809,
        0.9903846153846154
      ],
      "recall": [
        1.0,
        1.0,
        1.0,
        1.0,
        1.0
      ],
      "f1": [
        0.03037452079032734,
        0.7030716723549487,
        0.9537037037037037,
        0.9903846153846153,
        0.9951690821256038
      ],
      "tp": [
        103,
        103,
        103,
        103,
        103
      ],
      "fp": [
        6576,
        87,
        10,
        2,
        1
      ],
      "fn": [
        0,
        0,
        0,
        0,
        0
      ],
      "predicted_hh_count": [
        6679,
        190,
        113,
        105,
        104
      ]
    },
    "Waving": {
      "memory": [
        16,
        32,
        64,
        128,
        256
      ],
      "precision": [
        0.9827586206896551,
        0.971830985915493,
        0.9736842105263158,
        1.0,
        1.0
      ],
      "recall": [
        0.5533980582524272,
        0.6699029126213593,
        0.7184466019417476,
        0.7669902912621359,
        0.7864077669902912
      ],
      "f1": [
        0.7080745341614907,
        0.793103448275862,
        0.8268156424581006,
        0.868131868131868,
        0.8804347826086956
      ],
      "tp": [
        57,
        69,
        74,
        79,
        81
      ],
      "fp": [
        1,
        2,
        2,
        0,
        0
      ],
      "fn": [
        46,
        34,
        29,
        24,
        22
      ],
      "predicted_hh_count": [
        58,
        71,
        76,
        79,
        81
      ]
    },
    "UnivMon": {
      "memory": [
        16,
        32,
        64,
        128,
        256
      ],
      "precision": [
        0.0001899969862547008,
        0.0003797933923945374,
        0.0007627052688925208,
        0.0015292835079643873,
        0.0030290307101727447
      ],
      "recall": [
        0.8446601941747572,
        0.9223300970873787,
        0.9514563106796117,
        0.9805825242718447,
        0.9805825242718447
      ],
      "f1": [
        0.00037990851628257337,
        0.0007592741339279649,
        0.0015241887194481815,
        0.003053804405339622,
        0.006039405626812568
      ],
      "tp": [
        87,
        95,
        98,
        101,
        101
      ],
      "fp": [
        457815,
        250041,
        128392,
        65943,
        33243
      ],
      "fn": [
        16,
        8,
        5,
        2,
        2
      ],
      "predicted_hh_count": [
        457902,
        250136,
        128490,
        66044,
        33344
      ]
    },
    "SktVisor": {
      "memory": [
        16,
        32,
        64,
        128,
        256
      ],
      "precision": [
        0.07910906298003072,
        0.7152777777777778,
        0.9716981132075472,
        1.0,
        1.0
      ],
      "recall": [
        1.0,
        1.0,
        1.0,
        1.0,
        1.0
      ],
      "f1": [
        0.14661921708185055,
        0.834008097165992,
        0.985645933014354,
        1.0,
        1.0
      ],
      "tp": [
        103,
        103,
        103,
        103,
        103
      ],
      "fp": [
        1199,
        41,
        3,
        0,
        0
      ],
      "fn": [
        0,
        0,
        0,
        0,
        0
      ],
      "predicted_hh_count": [
        1302,
        144,
        106,
        103,
        103
      ]
    },
    "Stable": {
      "memory": [
        16,
        32,
        64,
        128,
        256
      ],
      "precision": [
        1.0,
        1.0,
        1.0,
        1.0,
        1.0
      ],
      "recall": [
        0.9029126213592233,
        0.9514563106796117,
        0.9514563106796117,
        0.9902912621359223,
        1.0
      ],
      "f1": [
        0.9489795918367347,
        0.9751243781094527,
        0.9751243781094527,
        0.9951219512195122,
        1.0
      ],
      "tp": [
        93,
        98,
        98,
        102,
        103
      ],
      "fp": [
        0,
        0,
        0,
        0,
        0
      ],
      "fn": [
        10,
        5,
        5,
        1,
        0
      ],