{
  "dataset": "MAWI",
  "trace": "dataset/Mawi/mawi.dat",
  "memories": [
    16,
    32,
    64,
    128,
    256
  ],
  "rows": 4,
  "hh_pct": 0.1,
  "hh_threshold": 10000.0,
  "true_hh_count": 84,
  "results": {
    "CMS": {
      "memory": [
        16,
        32,
        64,
        128,
        256
      ],
      "precision": [
        0.061358655953250546,
        0.6774193548387096,
        0.9230769230769231,
        0.9882352941176471,
        1.0
      ],
      "recall": [
        1.0,
        1.0,
        1.0,
        1.0,
        1.0
      ],
      "f1": [
        0.11562284927735718,
        0.8076923076923077,
        0.9600000000000001,
        0.9940828402366864,
        1.0
      ],
      "tp": [
        84,
        84,
        84,
        84,
        84
      ],
      "fp": [
        1285,
        40,
        7,
        1,
        0
      ],
      "fn": [
        0,
        0,
        0,
        0,
        0
      ],
      "predicted_hh_count": [
        1369,
        124,
        91,
        85,
        84
      ]
    },
    "CountLess": {
      "memory": [
        16,
        32,
        64,
        128,
        256
      ],
      "precision": [
        0.4540540540540541,
        0.9230769230769231,
        0.9882352941176471,
        1.0,
        1.0
      ],
      "recall": [
        1.0,
        1.0,
        1.0,
        1.0,
        1.0
      ],
      "f1": [
        0.6245353159851301,
        0.9600000000000001,
        0.9940828402366864,
        1.0,
        1.0
      ],
      "tp": [
        84,
        84,
        84,
        84,
        84
      ],
      "fp": [
        101,
        7,
        1,
        0,
        0
      ],
      "fn": [
        0,
        0,
        0,
        0,
        0
      ],
      "predicted_hh_count": [
        185,
        91,
        85,
        84,
        84
      ]
    },
    "Aegis": {
      "memory": [
        16,
        32,
        64,
        128,
        256
      ],
      "precision": [
        1.0,
        1.0,
        1.0,
        1.0,
        1.0
      ],
      "recall": [
        0.9761904761904762,
        1.0,
        1.0,
        1.0,
        1.0
      ],
      "f1": [
        0.9879518072289156,
        1.0,
        1.0,
        1.0,
        1.0
      ],
      "tp": [
        82,
        84,
        84,
        84,
        84
      ],
      "fp": [
        0,
        0,
        0,
        0,
        0
      ],
      "fn": [
        2,
        0,
        0,
        0,
        0
      ],
      "predicted_hh_count": [
        82,
        84,
        84,
        84,
        84
      ]
    },
    "Elastic": {
      "memory": [
        16,
        32,
        64,
        128,
        256
      ],
      "precision": [
        1.0,
        1.0,
        1.0,
        1.0,
        1.0
      ],
      "recall": [
        0.75,
        0.8452380952380952,
        0.9285714285714286,
        0.9761904761904762,
        0.9880952380952381
      ],
      "f1": [
        0.8571428571428571,
        0.9161290322580644,
        0.962962962962963,
        0.9879518072289156,
        0.9940119760479043
      ],
      "tp": [
        63,
        71,
        78,
        82,
        83
      ],
      "fp": [
        0,
        0,
        0,
        0,
        0
      ],
      "fn": [
        21,
        13,
        6,
        2,
        1
      ],
      "predicted_hh_count": [
        63,
        71,
        78,
        82,
        83
      ]
    },
    "Nitro": {
      "memory": [
        16,
        32,
        64,
        128,
        256
      ],
      "precision": [
        0.05894736842105263,
        0.6942148760330579,
        0.9032258064516129,
        0.9764705882352941,
        1.0
      ],
      "recall": [
        1.0,
        1.0,
        1.0,
        0.9880952380952381,
        0.9880952380952381
      ],
      "f1": [
        0.11133200795228627,
        0.8195121951219513,
        0.9491525423728813,
        0.9822485207100591,
        0.9940119760479043
      ],
      "tp": [
        84,
        84,
        84,
        83,
        83
      ],
      "fp": [
        1341,
        37,
        9,
        2,
        0
      ],
      "fn": [
        0,
        0,
        0,
        1,
        1
      ],
      "predicted_hh_count": [
        1425,
        121,
        93,
        85,
        83
      ]
    },
    "Waving": {
      "memory": [
        16,
        32,
        64,
        128,
        256
      ],
      "precision": [
        1.0,
        0.9473684210526315,
        1.0,
        1.0,
        1.0
      ],
      "recall": [
        0.5595238095238095,
        0.6428571428571429,
        0.7023809523809523,
        0.75,
        0.7857142857142857
      ],
      "f1": [
        0.7175572519083969,
        0.7659574468085106,
        0.8251748251748251,
        0.8571428571428571,
        0.88
      ],
      "tp": [
        47,
        54,
        59,
        63,
        66
      ],
      "fp": [
        0,
        3,
        0,
        0,
        0
      ],
      "fn": [
        37,
        30,
        25,
        21,
        18
      ],
      "predicted_hh_count": [
        47,
        57,
        59,
        63,
        66
      ]
    },
    "UnivMon": {
      "memory": [
        16,
        32,
        64,
        128,
        256
      ],
      "precision": [
        0.00023535318668214768,
        0.00046430712446957317,
        0.0009432094740151612,
        0.0019154403176827844,
        0.0037970629946475136
      ],
      "recall": [
        0.8928571428571429,
        0.9404761904761905,
        0.9642857142857143,
        0.9761904761904762,
        0.9880952380952381
      ],
      "f1": [
        0.00047058232994723207,
        0.0009281560242025494,
        0.0018845755633368618,
        0.0038233785611041173,
        0.007565054915007063
      ],
      "tp": [
        75,
        79,
        81,
        82,
        83
      ],
      "fp": [
        318595,
        170067,
        85796,
        42728,
        21776
      ],
      "fn": [
        9,
        5,
        3,
        2,
        1
      ],
      "predicted_hh_count": [
        318670,
        170146,
        85877,
        42810,
        21859
      ]
    },
    "SktVisor": {
      "memory": [
        16,
        32,
        64,
        128,
        256
      ],
      "precision": [
        0.23076923076923078,
        0.8316831683168316,
        0.9882352941176471,
        0.9882352941176471,
        1.0
      ],
      "recall": [
        1.0,
        1.0,
        1.0,
        1.0,
        1.0
      ],
      "f1": [
        0.375,
        0.9081081081081082,
        0.9940828402366864,
        0.9940828402366864,
        1.0
      ],
      "tp": [
        84,
        84,
        84,
        84,
        84
      ],
      "fp": [
        280,
        17,
        1,
        1,
        0
      ],
      "fn": [
        0,
        0,
        0,
        0,
        0
      ],
      "predicted_hh_count": [
        364,
        101,
        85,
        85,
        84
      ]
    },
    "Stable": {
      "memory": [
        16,
        32,
        64,
        128,
        256
      ],
      "precision": [
        1.0,
        1.0,
        1.0,
        1.0,
        1.0
      ],
      "recall": [
        0.9166666666666666,
        0.9880952380952381,
        0.9761904761904762,
        0.9880952380952381,
        1.0
      ],
      "f1": [
        0.9565217391304348,
        0.9940119760479043,
        0.9879518072289156,
        0.9940119760479043,
        1.0
      ],
      "tp": [
        77,
        83,
        82,
        83,
        84
      ],
      "fp": [
        0,
        0,
        0,
        0,
        0
      ],
      "fn": [
        7,
        1,
        2,
        1,
        0
      ],
      "predicted_hh_count": [
        77,
        83,
        82,
        83,
        84
      ]
    }
  }
}
