{
  "dataset": "MAWI26",
  "dat": "../../dataset/Mawi/mawi26.dat",
  "memories": [
    16,
    32,
    64,
    128,
    256
  ],
  "topk": 20,
  "rows": 4,
  "hh_pct": 0.1,
  "hh_threshold": 8000.0,
  "hh_flow_count": 103,
  "nitro_rate": 16,
  "univmon_levels": 8,
  "univmon_rows": 2,
  "sktvisor_fast_ratio": 0.25,
  "results": {
    "CMS": {
      "memory": [
        16,
        32,
        64,
        128,
        256
      ],
      "throughput": [
        0.5158310815695702,
        0.5110237172008115,
        0.5114176296471236,
        0.5032596739601075,
        0.5080383845031433
      ],
      "are_top20": [
        0.09095006881180139,
        0.04171563912687567,
        0.020033407628670556,
        0.00937691128732864,
        0.004396861810153469
      ],
      "are_all": [
        3984.260665094052,
        1870.006040581684,
        886.0243682157494,
        420.51447493222184,
        198.95788834375566
      ],
      "are_hh": [
        0.28010122394702963,
        0.1316583258870512,
        0.061915218000974506,
        0.029603396156740604,
        0.01422447139615496
      ]
    },
    "CountLess": {
      "memory": [
        16,
        32,
        64,
        128,
        256
      ],
      "throughput": [
        0.3959214566463616,
        0.3881926313165956,
        0.3900216523676861,
        0.38884792550702746,
        0.3883092644793753
      ],
      "are_top20": [
        0.0038376359844356075,
        0.001771526959813215,
        0.0008297483271178308,
        0.00039480205908298295,
        0.00018787019138032397
      ],
      "are_all": [
        2093.8318011578403,
        963.3308374136462,
        451.51305663102164,
        214.1999004043186,
        101.66423557664233
      ],
      "are_hh": [
        0.01412219814003392,
        0.00641673484845379,
        0.0029983892771614853,
        0.001401946741889281,
        0.0006485184824697694
      ]
    },
    "Aegis": {
      "memory": [
        16,
        32,
        64,
        128,
        256
      ],
      "throughput": [
        0.3529340729924646,
        0.3799729249608884,
        0.42625376968943496,
        0.40791134498296555,
        0.39166330138171895
      ],
      "are_top20": [
        0.001892870967946907,
        0.0002018805990390097,
        1.7129071488574505e-05,
        1.0569227515278979e-05,
        1.0297241244709457e-05
      ],
      "are_all": [
        0.9996679276381912,
        0.9993387464067106,
        0.9986915419088593,
        0.9973952978800326,
        0.994823777057255
      ],
      "are_hh": [
        0.00406179821682203,
        0.0004844119413510911,
        0.0001422519297923644,
        0.00013690875037193447,
        4.74101940555868e-05
      ]
    },
    "Elastic": {
      "memory": [
        16,
        32,
        64,
        128,
        256
      ],
      "throughput": [
        0.6035114385754603,
        0.6155730178039442,
        0.6543613732328073,
        0.6693585480147582,
        0.6881419821865576
      ],
      "are_top20": [
        0.1331874350587347,
        0.05209184950204465,
        0.03503015922113291,
        0.019506619581445776,
        0.006460713160697368
      ],
      "are_all": [
        2148.211084182771,
        1015.1736320773114,
        484.8248142707437,
        232.81100473579514,
        111.33731993778065
      ],
      "are_hh": [
        0.27217236544984014,
        0.153546468914328,
        0.06940197174976559,
        0.04001781418792515,
        0.020798377818028943
      ]
    },
    "Nitro": {
      "memory": [
        16,
        32,
        64,
        128,
        256
      ],
      "throughput": [
        0.37670176553509105,
        0.3741007591115194,
        0.371415536078983,
        0.37911026852376806,
        0.37446286768348713
      ],
      "are_top20": [
        0.09093219941390292,
        0.04284075330542873,
        0.02283313696845963,
        0.016899140975108227,
        0.014749408340743706
      ],
      "are_all": [
        3944.1872743272697,
        1823.6173961493857,
        842.312574771652,
        383.56989623873324,
        169.55132859014626
      ],
      "are_hh": [
        0.27312699159839254,
        0.1256052370405785,
        0.05766422616804463,
        0.034899639723514043,
        0.0289193606201588
      ]
    },
    "Waving": {
      "memory": [
        16,
        32,
        64,
        128,
        256
      ],
      "throughput": [
        0.2862547666207508,
        0.28475558736265283,
        0.2845946762010866,
        0.2783310384851373,
        0.27861699767598785
      ],
      "are_top20": [
        0.3030503127092508,
        0.3034135668197392,
        0.27132971479932444,
        0.17687028909638366,
        0.27565676036848696
      ],
      "are_all": [
        1.0074719475388947,
        1.0035890616856202,
        1.0078154697378174,
        1.0015476613167094,
        1.0019965636521853
      ],
      "are_hh": [
        0.450627384632538,
        0.35830805848792446,
        0.28066469989447423,
        0.23073221254602472,
        0.20809030375150714
      ]
    },
    "UnivMon": {
      "memory": [
        16,
        32,
        64,
        128,
        256
      ],
      "throughput": [
        0.3086803227176945,
        0.2996733946951739,
        0.29906209404008594,
        0.3005912866686392,
        0.2984236847468874
      ],
      "are_top20": [
        0.9979526531409789,
        0.9874313559036908,
        0.9580885847938635,
        0.9536521799392486,
        0.9521473273389631
      ],
      "are_all": [
        4249.118872837732,
        2501.5707481648737,
        1416.4366353439077,
        784.0387782188179,
        421.5305949092696
      ],
      "are_hh": [
        0.9884872929657155,
        0.8883700167460468,
        0.8093184477297016,
        0.7872995990271459,
        0.7887187104104315
      ]
    },
    "SktVisor": {
      "memory": [
        16,
        32,
        64,
        128,
        256
      ],
      "throughput": [
        0.39945802801057745,
        0.3952641009797633,
        0.39379467328412116,
        0.38885657598772383,
        0.3941793101822406
      ],
      "are_top20": [
        0.030641714177674122,
        0.012828786824935582,
        0.005462101910984614,
        0.0023567670307099208,
        0.0010218518566739705
      ],
      "are_all": [
        3724.807989356417,
        1781.412071786866,
        861.3586128667445,
        417.26705565614907,
        201.31968715986378
      ],
      "are_hh": [
        0.12271871176904667,
        0.051596553034450696,
        0.022364291904641422,
        0.00999829495648055,
        0.004469951517286176
      ]
    },
    "Stable": {
      "memory": [
        16,
        32,
        64,
        128,
        256
      ],
      "throughput": [
        0.3085136645708835,
        0.31364897149507875,
        0.3213464570928548,
        0.33307985950473373,
        0.3370728105260545
      ],
      "are_top20": [
        0.004198441140216178,
        0.001061695400766053,
        0.05062305601617373,
        0.002345951090690295,
        0.0007204067584584201
      ],
      "are_all": [
        0.9996078388032699,
        0.9992391145929944,
        0.9984779877548701,
        0.9968914602059944,
        0.993591052379344
      ],
      "are_hh": [
        0.10200106319187305,
        0.026656110989534167,
        0.036173904804979486,
        0.004131452653275217,
        0.0010428085664470968
      ]
    }
  }
}