{
  "dataset": "MAWI",
  "dat": "../../dataset/Mawi/mawi.dat",
  "memories": [
    16,
    32,
    64,
    128,
    256
  ],
  "topk": 20,
  "rows": 4,
  "hh_pct": 0.1,
  "hh_threshold": 10000.0,
  "hh_flow_count": 84,
  "nitro_rate": 16,
  "univmon_levels": 8,
  "univmon_rows": 2,
  "sktvisor_fast_ratio": 0.25,
  "results": {
    "CMS": {
      "memory": [
        16,
        32,
        64,
        128,
        256
      ],
      "throughput": [
        0.4946782302291477,
        0.5099179230571022,
        0.5114496533057744,
        0.5211687819909356,
        0.5152786030486546
      ],
      "are_top20": [
        0.052917008403872125,
        0.02481934318562006,
        0.011102821443028871,
        0.00516036818290567,
        0.0022810679062069527
      ],
      "are_all": [
        3467.1414147589,
        1613.5447765926779,
        756.2107705657393,
        354.03350045430153,
        164.76150395086535
      ],
      "are_hh": [
        0.186244076895188,
        0.08708599138318485,
        0.0409914958279029,
        0.01897190428734679,
        0.008961120386961584
      ]
    },
    "CountLess": {
      "memory": [
        16,
        32,
        64,
        128,
        256
      ],
      "throughput": [
        0.37900351591098397,
        0.3843766416309787,
        0.38391913518506376,
        0.3918532145371559,
        0.38448396431442533
      ],
      "are_top20": [
        0.00288382637432717,
        0.0012793643666296128,
        0.0005808734534601855,
        0.00026618364254869174,
        0.0001251204025218232
      ],
      "are_all": [
        1813.0355960949098,
        823.9136248318883,
        382.97346697694394,
        179.8191882768178,
        84.47215276781243
      ],
      "are_hh": [
        0.010888685860099149,
        0.00479407124146443,
        0.002143360054723726,
        0.0009580612930116009,
        0.0004334073917521016
      ]
    },
    "Aegis": {
      "memory": [
        16,
        32,
        64,
        128,
        256
      ],
      "throughput": [
        0.43109419764747997,
        0.4857462496625791,
        0.5311242539727999,
        0.5323319018996402,
        0.5144670310203006
      ],
      "are_top20": [
        0.00016581412348320632,
        4.189648637968279e-05,
        1.998771897179128e-05,
        1.1792485153247024e-05,
        9.911681928215031e-06
      ],
      "are_all": [
        0.999554830462242,
        0.9991177859448928,
        0.9982399054386846,
        0.9964862837306139,
        0.9929869938011895
      ],
      "are_hh": [
        0.037130428643879006,
        0.0003555236740362249,
        8.761972697488838e-05,
        3.8435426336258764e-05,
        6.313381355580831e-05
      ]
    },
    "Elastic": {
      "memory": [
        16,
        32,
        64,
        128,
        256
      ],
      "throughput": [
        0.7333428060018864,
        0.7982553641779795,
        0.8445854283442498,
        0.8869922562920076,
        0.9037188526810076
      ],
      "are_top20": [
        0.05373502086301506,
        0.02451440096511781,
        0.01235281122287558,
        0.0050596774352646015,
        0.0030733404141249734
      ],
      "are_all": [
        1770.635594787176,
        813.7353304069599,
        379.9707010543509,
        178.89371338383063,
        84.33120114881937
      ],
      "are_hh": [
        0.19425976975088016,
        0.1008150652660715,
        0.052982410630546595,
        0.022250457733164947,
        0.009106449021928387
      ]
    },
    "Nitro": {
      "memory": [
        16,
        32,
        64,
        128,
        256
      ],
      "throughput": [
        0.3712224195362636,
        0.37515176122575705,
        0.3815365832576147,
        0.37742874255937364,
        0.3824005938849097
      ],
      "are_top20": [
        0.054653912222188815,
        0.026437027870375912,
        0.013100723187499469,
        0.010336133435745826,
        0.009958870575862819
      ],
      "are_all": [
        3425.026668918231,
        1570.4150473293785,
        718.3296353138834,
        323.1575094102175,
        140.51904383353875
      ],
      "are_hh": [
        0.18224546117942295,
        0.08467190658099069,
        0.038859746452739916,
        0.023241227116219104,
        0.02037938207923498
      ]
    },
    "Waving": {
      "memory": [
        16,
        32,
        64,
        128,
        256
      ],
      "throughput": [
        0.2765622630544126,
        0.2841825016441397,
        0.2833089149544162,
        0.2849338393992908,
        0.2844796005358203
      ],
      "are_top20": [
        0.34436170571685576,
        0.26357834317774004,
        0.28692617150280775,
        0.28134531957267983,
        0.17652114397599178
      ],
      "are_all": [
        1.0032207745732693,
        1.020838792214286,
        1.0067180602169792,
        1.005674057160479,
        1.0018449438786614
      ],
      "are_hh": [
        0.43678864286507685,
        0.3261394890840647,
        0.289510232596932,
        0.23532536315730018,
        0.21815447827351714
      ]
    },
    "UnivMon": {
      "memory": [
        16,
        32,
        64,
        128,
        256
      ],
      "throughput": [
        0.29965938767756006,
        0.29883806385538786,
        0.2997160957474532,
        0.29934440504331267,
        0.3025667372222906
      ],
      "are_top20": [
        0.8489394158387459,
        0.8288335896778175,
        0.8054419770799303,
        0.805553965456639,
        0.8039914816095468
      ],
      "are_all": [
        8058.639391117031,
        4421.627252029211,
        2389.371654194429,
        1259.8652419671105,
        657.3493394196958
      ],
      "are_hh": [
        1.2222221718554502,
        1.1600038464888098,
        1.0725898268850371,
        1.05103270137853,
        1.003747377427947
      ]
    },
    "SktVisor": {
      "memory": [
        16,
        32,
        64,
        128,
        256
      ],
      "throughput": [
        0.3952536629020437,
        0.4001457490552238,
        0.4061842421727367,
        0.40364094944284096,
        0.41221033323429707
      ],
      "are_top20": [
        0.012072580277126705,
        0.005325537858318938,
        0.0023354300298152946,
        0.0010443927263598604,
        0.0004324749055311437
      ],
      "are_all": [
        3065.3723852107164,
        1458.1940672256956,
        703.0297193659922,
        339.7333033668381,
        163.13679692082547
      ],
      "are_hh": [
        0.06138109520325139,
        0.025948596431343063,
        0.011061058761671636,
        0.00484890951985942,
        0.0021066991525496466
      ]
    },
    "Stable": {
      "memory": [
        16,
        32,
        64,
        128,
        256
      ],
      "throughput": [
        0.34592612097050346,
        0.3493091238814908,
        0.3664384182696585,
        0.37614457315227506,
        0.39823103973733176
      ],
      "are_top20": [
        0.006791805419792614,
        0.08644654185739362,
        0.0009287504373360409,
        0.0007704106297588739,
        0.000729744553492497
      ],
      "are_all": [
        0.9994949474862509,
        0.9990186203729767,
        0.9980244990007702,
        0.9959188279588087,
        0.9915584032768133
      ],
      "are_hh": [
        0.0757065952404031,
        0.027668831791111452,
        0.01218101582256361,
        0.015729660113054163,
        0.0010306060251621208
      ]
    }
  }
}
