{
  "dataset": "UNI",
  "trace": "dataset/UNI/univ1_pt0.csv",
  "memories": [
    16,
    32,
    64,
    128,
    256
  ],
  "rows": 4,
  "hh_pct": 0.1,
  "hh_threshold": 887.55,
  "true_hh_count": 147,
  "results": {
    "CMS": {
      "memory": [
        16,
        32,
        64,
        128,
        256
      ],
      "precision": [
        0.5384615384615384,
        0.901840490797546,
        0.9545454545454546,
        0.98,
        1.0
      ],
      "recall": [
        1.0,
        1.0,
        1.0,
        1.0,
        1.0
      ],
      "f1": [
        0.7000000000000001,
        0.9483870967741935,
        0.9767441860465117,
        0.98989898989899,
        1.0
      ],
      "tp": [
        147,
        147,
        147,
        147,
        147
      ],
      "fp": [
        126,
        16,
        7,
        3,
        0
      ],
      "fn": [
        0,
        0,
        0,
        0,
        0
      ],
      "predicted_hh_count": [
        273,
        163,
        154,
        150,
        147
      ]
    },
    "CountLess": {
      "memory": [
        16,
        32,
        64,
        128,
        256
      ],
      "precision": [
        0.8698224852071006,
        0.98,
        1.0,
        1.0,
        1.0
      ],
      "recall": [
        1.0,
        1.0,
        1.0,
        1.0,
        1.0
      ],
      "f1": [
        0.930379746835443,
        0.98989898989899,
        1.0,
        1.0,
        1.0
      ],
      "tp": [
        147,
        147,
        147,
        147,
        147
      ],
      "fp": [
        22,
        3,
        0,
        0,
        0
      ],
      "fn": [
        0,
        0,
        0,
        0,
        0
      ],
      "predicted_hh_count": [
        169,
        150,
        147,
        147,
        147
      ]
    },
    "Aegis": {
      "memory": [
        16,
        32,
        64,
        128,
        256
      ],
      "precision": [
        1.0,
        1.0,
        1.0,
        1.0,
        1.0
      ],
      "recall": [
        0.9931972789115646,
        0.9931972789115646,
        1.0,
        1.0,
        1.0
      ],
      "f1": [
        0.9965870307167235,
        0.9965870307167235,
        1.0,
        1.0,
        1.0
      ],
      "tp": [
        146,
        146,
        147,
        147,
        147
      ],
      "fp": [
        0,
        0,
        0,
        0,
        0
      ],
      "fn": [
        1,
        1,
        0,
        0,
        0
      ],
      "predicted_hh_count": [
        146,
        146,
        147,
        147,
        147
      ]
    },
    "Elastic": {
      "memory": [
        16,
        32,
        64,
        128,
        256
      ],
      "precision": [
        1.0,
        1.0,
        1.0,
        1.0,
        1.0
      ],
      "recall": [
        0.6394557823129252,
        0.7551020408163265,
        0.8367346938775511,
        0.9251700680272109,
        0.9659863945578231
      ],
      "f1": [
        0.7800829875518672,
        0.8604651162790697,
        0.9111111111111111,
        0.9611307420494699,
        0.9826989619377162
      ],
      "tp": [
        94,
        111,
        123,
        136,
        142
      ],
      "fp": [
        0,
        0,
        0,
        0,
        0
      ],
      "fn": [
        53,
        36,
        24,
        11,
        5
      ],
      "predicted_hh_count": [
        94,
        111,
        123,
        136,
        142
      ]
    },
    "Nitro": {
      "memory": [
        16,
        32,
        64,
        128,
        256
      ],
      "precision": [
        0.513986013986014,
        0.89937106918239,
        0.9466666666666667,
        0.9655172413793104,
        0.9655172413793104
      ],
      "recall": [
        1.0,
        0.9727891156462585,
        0.9659863945578231,
        0.9523809523809523,
        0.9523809523809523
      ],
      "f1": [
        0.6789838337182448,
        0.934640522875817,
        0.9562289562289563,
        0.9589041095890412,
        0.9589041095890412
      ],
      "tp": [
        147,
        143,
        142,
        140,
        140
      ],
      "fp": [
        139,
        16,
        8,
        5,
        5
      ],
      "fn": [
        0,
        4,
        5,
        7,
        7
      ],
      "predicted_hh_count": [
        286,
        159,
        150,
        145,
        145
      ]
    },
    "Waving": {
      "memory": [
        16,
        32,
        64,
        128,
        256
      ],
      "precision": [
        0.9459459459459459,
        0.9310344827586207,
        0.9900990099009901,
        0.990990990990991,
        1.0
      ],
      "recall": [
        0.47619047619047616,
        0.5510204081632653,
        0.6802721088435374,
        0.7482993197278912,
        0.8367346938775511
      ],
      "f1": [
        0.6334841628959276,
        0.6923076923076924,
        0.8064516129032258,
        0.8527131782945737,
        0.9111111111111111
      ],
      "tp": [
        70,
        81,
        100,
        110,
        123
      ],
      "fp": [
        4,
        6,
        1,
        1,
        0
      ],
      "fn": [
        77,
        66,
        47,
        37,
        24
      ],
      "predicted_hh_count": [
        74,
        87,
        101,
        111,
        123
      ]
    },
    "UnivMon": {
      "memory": [
        16,
        32,
        64,
        128,
        256
      ],
      "precision": [
        0.022834497074919795,
        0.04196028187059577,
        0.07727272727272727,
        0.13570741097208855,
        0.22857142857142856
      ],
      "recall": [
        0.8231292517006803,
        0.891156462585034,
        0.9251700680272109,
        0.9591836734693877,
        0.9795918367346939
      ],
      "f1": [
        0.04443628351083363,
        0.08014683389415724,
        0.1426324069218668,
        0.2377740303541315,
        0.37065637065637064
      ],
      "tp": [
        121,
        131,
        136,
        141,
        144
      ],
      "fp": [
        5178,
        2991,
        1624,
        898,
        486
      ],
      "fn": [
        26,
        16,
        11,
        6,
        3
      ],
      "predicted_hh_count": [
        5299,
        3122,
        1760,
        1039,
        630
      ]
    },
    "SktVisor": {
      "memory": [
        16,
        32,
        64,
        128,
        256
      ],
      "precision": [
        0.7135922330097088,
        0.9245283018867925,
        0.9735099337748344,
        0.9932432432432432,
        0.9932432432432432
      ],
      "recall": [
        1.0,
        1.0,
        1.0,
        1.0,
        1.0
      ],
      "f1": [
        0.8328611898016998,
        0.9607843137254902,
        0.9865771812080537,
        0.9966101694915254,
        0.9966101694915254
      ],
      "tp": [
        147,
        147,
        147,
        147,
        147
      ],
      "fp": [
        59,
        12,
        4,
        1,
        1
      ],
      "fn": [
        0,
        0,
        0,
        0,
        0
      ],
      "predicted_hh_count": [
        206,
        159,
        151,
        148,
        148
      ]
    },
    "Stable": {
      "memory": [
        16,
        32,
        64,
        128,
        256
      ],
      "precision": [
        1.0,
        1.0,
        1.0,
        1.0,
        1.0
      ],
      "recall": [
        0.8367346938775511,
        0.8979591836734694,
        0.9591836734693877,
        0.9931972789115646,
        1.0
      ],
      "f1": [
        0.9111111111111111,
        0.9462365591397849,
        0.9791666666666666,
        0.9965870307167235,
        1.0
      ],
      "tp": [
        123,
        132,
        141,
        146,
        147
      ],
      "fp": [
        0,
        0,
        0,
        0,
        0
      ],
      "fn": [
        24,
        15,
        6,
        1,
        0
      ],