{
  "dataset": "UNI",
  "csv": "../../dataset/UNI/univ1_pt0.csv",
  "memories": [
    16,
    32,
    64,
    128,
    256
  ],
  "topk": 20,
  "rows": 4,
  "hh_pct": 0.1,
  "hh_threshold": 887.55,
  "hh_flow_count": 147,
  "nitro_rate": 16,
  "univmon_levels": 8,
  "univmon_rows": 2,
  "sktvisor_fast_ratio": 0.25,
  "results": {
    "CMS": {
      "memory": [
        16,
        32,
        64,
        128,
        256
      ],
      "throughput": [
        0.5081424365012135,
        0.5170445466439615,
        0.5018585069288546,
        0.5001139293957393,
        0.5129492558676808
      ],
      "are_top20": [
        0.04111283941483709,
        0.016446188638363182,
        0.007265501487624626,
        0.0023976211318276937,
        0.0005288407906159736
      ],
      "are_all": [
        72.42065564275315,
        27.48276547596153,
        9.718963351304426,
        3.052071017367523,
        0.7562863045172898
      ],
      "are_hh": [
        0.181411220861022,
        0.06623553883078377,
        0.024406604019036833,
        0.0070996757063219425,
        0.001787334217054083
      ]
    },
    "CountLess": {
      "memory": [
        16,
        32,
        64,
        128,
        256
      ],
      "throughput": [
        0.3961169020042499,
        0.3891975754868928,
        0.37287698092270544,
        0.36816099268099156,
        0.37183344545234737
      ],
      "are_top20": [
        0.005353205319538935,
        0.0007940949032196719,
        0.00033010963511977435,
        0.00015527005250129806,
        3.1825495951987494e-05
      ],
      "are_all": [
        42.7065913974305,
        16.552233164576446,
        5.85611669496274,
        1.8278378981626622,
        0.43670075452698165
      ],
      "are_hh": [
        0.018448850558144318,
        0.00608775208208053,
        0.0021178873896759895,
        0.00045611402870581174,
        0.00010213679186919336
      ]
    },
    "Aegis": {
      "memory": [
        16,
        32,
        64,
        128,
        256
      ],
      "throughput": [
        0.48257711374558254,
        0.5638109242406077,
        0.6128724286103542,
        0.6447050122741645,
        0.7456828773625395
      ],
      "are_top20": [
        0.00022192332224409275,
        0.00011023468094662731,
        3.8518514420531745e-05,
        3.724137746342645e-05,
        0.0
      ],
      "are_all": [
        0.9641868833265552,
        0.9282931764698241,
        0.8554827335090935,
        0.7096998808869818,
        0.4431520473816846
      ],
      "are_hh": [
        0.004524744804745755,
        0.0005491691579268299,
        0.00020357138142463246,
        8.23043186283439e-05,
        7.13916995783915e-05
      ]
    },
    "Elastic": {
      "memory": [
        16,
        32,
        64,
        128,
        256
      ],
      "throughput": [
        0.8538973134189318,
        0.9417943252665875,
        1.0104659165260406,
        1.1227972291460389,
        1.3549738470169579
      ],
      "are_top20": [
        0.10910041218665512,
        0.07149007836726173,
        0.06134634134225364,
        0.02142041040846542,
        0.005283118251580352
      ],
      "are_all": [
        29.78957149352737,
        10.89871773918687,
        3.529958554559369,
        1.0023589118203737,
        0.3775885268870122
      ],
      "are_hh": [
        0.2509262263952524,
        0.1481684655647003,
        0.08173138720832684,
        0.04769244869075188,
        0.022274503667226588
      ]
    },
    "Nitro": {
      "memory": [
        16,
        32,
        64,
        128,
        256
      ],
      "throughput": [
        0.38210291690217,
        0.3675462983480934,
        0.3667103527339313,
        0.35184101509847054,
        0.3724354911599276
      ],
      "are_top20": [
        0.05037340115529522,
        0.029250186514667088,
        0.0261540016851431,
        0.024227051458338356,
        0.023972010251678666
      ],
      "are_all": [
        70.313007375719,
        25.37833145285674,
        8.311686011297708,
        2.7706637249629784,
        1.4721011107573527
      ],
      "are_hh": [
        0.18512797853164037,
        0.0974807675723289,
        0.07781144108033763,
        0.07618253471936194,
        0.07560854785891444
      ]
    },
    "Waving": {
      "memory": [
        16,
        32,
        64,
        128,
        256
      ],
      "throughput": [
        0.28826389073195285,
        0.2850118600770653,
        0.28095265062011604,
        0.2781373608346185,
        0.28334025063873325
      ],
      "are_top20": [
        0.30264856004705254,
        0.19027165441744465,
        0.234595512977333,
        0.07838010136727454,
        0.10287150961941423
      ],
      "are_all": [
        1.0098921311055935,
        1.0244445261005388,
        1.0260809840252914,
        1.0186399660144303,
        0.9420389698908411
      ],
      "are_hh": [
        0.4723272495747045,
        0.36978859813338727,
        0.2847558865224302,
        0.2091653799031385,
        0.1458351918977401
      ]
    },
    "UnivMon": {
      "memory": [
        16,
        32,
        64,
        128,
        256
      ],
      "throughput": [
        0.2954397560968802,
        0.2892964426130449,
        0.27204058556316496,
        0.2791831724012602,
        0.28563255421276496
      ],
      "are_top20": [
        1.2267403145182174,
        1.3433994074533522,
        1.2439929682663504,
        1.2133870137529972,
        1.11157186886153
      ],
      "are_all": [
        186.36363980775172,
        111.0228361582566,
        66.32042028589845,
        38.22679968615292,
        20.593525453204016
      ],
      "are_hh": [
        1.6670378228480558,
        1.401019922757168,
        1.1090205888731335,
        0.9433698426177857,
        0.8848457028317147
      ]
    },
    "SktVisor": {
      "memory": [
        16,
        32,
        64,
        128,
        256
      ],
      "throughput": [
        0.5795666633310115,
        0.6006600158236846,
        0.625322265453499,
        0.6923843940354785,
        0.8002949059910007
      ],
      "are_top20": [
        0.010907519469689243,
        0.0030599055197177297,
        0.0012114530301872476,
        0.0002299487334396042,
        2.6850763685505417e-05
      ],
      "are_all": [
        69.4681152577058,
        27.806474461869485,
        10.05209216465727,
        2.991305140984275,
        0.5662687012395293
      ],
      "are_hh": [
        0.0699457632135847,
        0.024052337844417324,
        0.008696166885661497,
        0.0032091162433617658,
        0.00029927813996888716
      ]
    },
    "Stable": {
      "memory": [
        16,
        32,
        64,
        128,
        256
      ],
      "throughput": [
        0.34186158039527764,
        0.34765831365353234,
        0.37788325852284194,
        0.4052993082509917,
        0.4491266812518523
      ],
      "are_top20": [
        0.06498615805559316,
        0.008813453594150604,
        0.004405839773930851,
        0.0022998664761150435,
        7.762253271235307e-05
      ],
      "are_all": [
        0.9617692374296496,
        0.9224728397116521,
        0.8381028289777875,
        0.6513402466679088,
        0.2772964483001193
      ],
      "are_hh": [
        0.17291073895148243,
        0.10602682581111887,
        0.04578717136083331,
        0.01435435983517355,
        0.0023963402498752982
      ]
    }
  }
}