{
  "dataset": "CAIDA",
  "trace": "dataset/CAIDA/5.dat",
  "memories": [
    16,
    32,
    64,
    128,
    256
  ],
  "rows": 4,
  "hh_pct": 0.1,
  "hh_threshold": 2530.68,
  "true_hh_count": 61,
  "results": {
    "CMS": {
      "memory": [
        16,
        32,
        64,
        128,
        256
      ],
      "precision": [
        0.025803722504230117,
        0.5754716981132075,
        0.8133333333333334,
        0.8970588235294118,
        0.9242424242424242
      ],
      "recall": [
        1.0,
        1.0,
        1.0,
        1.0,
        1.0
      ],
      "f1": [
        0.05030927835051546,
        0.7305389221556886,
        0.8970588235294117,
        0.9457364341085273,
        0.9606299212598425
      ],
      "tp": [
        61,
        61,
        61,
        61,
        61
      ],
      "fp": [
        2303,
        45,
        14,
        7,
        5
      ],
      "fn": [
        0,
        0,
        0,
        0,
        0
      ],
      "predicted_hh_count": [
        2364,
        106,
        75,
        68,
        66
      ]
    },
    "CountLess": {
      "memory": [
        16,
        32,
        64,
        128,
        256
      ],
      "precision": [
        0.9242424242424242,
        1.0,
        1.0,
        1.0,
        1.0
      ],
      "recall": [
        1.0,
        1.0,
        1.0,
        1.0,
        1.0
      ],
      "f1": [
        0.9606299212598425,
        1.0,
        1.0,
        1.0,
        1.0
      ],
      "tp": [
        61,
        61,
        61,
        61,
        61
      ],
      "fp": [
        5,
        0,
        0,
        0,
        0
      ],
      "fn": [
        0,
        0,
        0,
        0,
        0
      ],
      "predicted_hh_count": [
        66,
        61,
        61,
        61,
        61
      ]
    },
    "Aegis": {
      "memory": [
        16,
        32,
        64,
        128,
        256
      ],
      "precision": [
        1.0,
        1.0,
        1.0,
        1.0,
        1.0
      ],
      "recall": [
        0.9836065573770492,
        1.0,
        1.0,
        1.0,
        1.0
      ],
      "f1": [
        0.9917355371900827,
        1.0,
        1.0,
        1.0,
        1.0
      ],
      "tp": [
        60,
        61,
        61,
        61,
        61
      ],
      "fp": [
        0,
        0,
        0,
        0,
        0
      ],
      "fn": [
        1,
        0,
        0,
        0,
        0
      ],
      "predicted_hh_count": [
        60,
        61,
        61,
        61,
        61
      ]
    },
    "Elastic": {
      "memory": [
        16,
        32,
        64,
        128,
        256
      ],
      "precision": [
        1.0,
        1.0,
        1.0,
        1.0,
        1.0
      ],
      "recall": [
        0.4098360655737705,
        0.5901639344262295,
        0.7213114754098361,
        0.8852459016393442,
        0.9508196721311475
      ],
      "f1": [
        0.5813953488372093,
        0.7422680412371134,
        0.8380952380952381,
        0.9391304347826086,
        0.9747899159663865
      ],
      "tp": [
        25,
        36,
        44,
        54,
        58
      ],
      "fp": [
        0,
        0,
        0,
        0,
        0
      ],
      "fn": [
        36,
        25,
        17,
        7,
        3
      ],
      "predicted_hh_count": [
        25,
        36,
        44,
        54,
        58
      ]
    },
    "Nitro": {
      "memory": [
        16,
        32,
        64,
        128,
        256
      ],
      "precision": [
        0.02556580050293378,
        0.5754716981132075,
        0.8356164383561644,
        0.9193548387096774,
        0.9491525423728814
      ],
      "recall": [
        1.0,
        1.0,
        1.0,
        0.9344262295081968,
        0.9180327868852459
      ],
      "f1": [
        0.049856967715570084,
        0.7305389221556886,
        0.9104477611940298,
        0.9268292682926829,
        0.9333333333333333
      ],
      "tp": [
        61,
        61,
        61,
        57,
        56
      ],
      "fp": [
        2325,
        45,
        12,
        5,
        3
      ],
      "fn": [
        0,
        0,
        0,
        4,
        5
      ],
      "predicted_hh_count": [
        2386,
        106,
        73,
        62,
        59
      ]
    },
    "Waving": {
      "memory": [
        16,
        32,
        64,
        128,
        256
      ],
      "precision": [
        0.782608695652174,
        0.9375,
        0.9705882352941176,
        0.9523809523809523,
        1.0
      ],
      "recall": [
        0.29508196721311475,
        0.4918032786885246,
        0.5409836065573771,
        0.6557377049180327,
        0.7049180327868853
      ],
      "f1": [
        0.42857142857142855,
        0.6451612903225806,
        0.6947368421052632,
        0.7766990291262135,
        0.8269230769230769
      ],
      "tp": [
        18,
        30,
        33,
        40,
        43
      ],
      "fp": [
        5,
        2,
        1,
        2,
        0
      ],
      "fn": [
        43,
        31,
        28,
        21,
        18
      ],
      "predicted_hh_count": [
        23,
        32,
        34,
        42,
        43
      ]
    },
    "UnivMon": {
      "memory": [
        16,
        32,
        64,
        128,
        256
      ],
      "precision": [
        0.0026624902114330464,
        0.006323185011709602,
        0.014098201263976665,
        0.028431372549019607,
        0.05736137667304015
      ],
      "recall": [
        0.8360655737704918,
        0.8852459016393442,
        0.9508196721311475,
        0.9508196721311475,
        0.9836065573770492
      ],
      "f1": [
        0.0053080766028309745,
        0.012556679455877224,
        0.02778443113772455,
        0.05521180390290338,
        0.10840108401084012
      ],
      "tp": [
        51,
        54,
        58,
        58,
        60
      ],
      "fp": [
        19104,
        8486,
        4056,
        1982,
        986
      ],
      "fn": [
        10,
        7,
        3,
        3,
        1
      ],
      "predicted_hh_count": [
        19155,
        8540,
        4114,
        2040,
        1046
      ]
    },
    "SktVisor": {
      "memory": [
        16,
        32,
        64,
        128,
        256
      ],
      "precision": [
        0.8472222222222222,
        0.9838709677419355,
        1.0,
        1.0,
        1.0
      ],
      "recall": [
        1.0,
        1.0,
        1.0,
        1.0,
        1.0
      ],
      "f1": [
        0.9172932330827067,
        0.991869918699187,
        1.0,
        1.0,
        1.0
      ],
      "tp": [
        61,
        61,
        61,
        61,
        61
      ],
      "fp": [
        11,
        1,
        0,
        0,
        0
      ],
      "fn": [
        0,
        0,
        0,
        0,
        0
      ],
      "predicted_hh_count": [
        72,
        62,
        61,
        61,
        61
      ]
    },
    "Stable": {
      "memory": [
        16,
        32,
        64,
        128,
        256
      ],
      "precision": [
        1.0,
        1.0,
        1.0,
        1.0,
        1.0
      ],
      "recall": [
        0.7540983606557377,
        0.9016393442622951,
        0.9344262295081968,
        0.9836065573770492,
        0.9836065573770492
      ],
      "f1": [
        0.8598130841121495,
        0.9482758620689655,
        0.9661016949152543,
        0.9917355371900827,
        0.9917355371900827
      ],
      "tp": [
        46,
        55,
        57,
        60,
        60
      ],
      "fp": [
        0,
        0,
        0,
        0,
        0
      ],
      "fn": [
        15,
        6,
        4,
        1,
        1
      ],
      "predicted_hh_count": [
        46,
        55,
        57,
        60,
        60
      ]
    }
  }
}