{
  "memories": [
    16,
    32,
    64,
    128,
    256
  ],
  "topk": 20,
  "rows": 4,
  "hh_pct": 0.1,
  "hh_threshold": 2530.68,
  "hh_flow_count": 61,
  "nitro_rate": 16,
  "univmon_levels": 8,
  "univmon_rows": 2,
  "sktvisor_fast_ratio": 0.25,
  "results": {
    "CMS": {
      "memory": [
        16,
        32,
        64,
        128,
        256
      ],
      "throughput": [
        0.485365763275708,
        0.49839663901890774,
        0.49782357884495443,
        0.4724701861210833,
        0.5237623227183404
      ],
      "are_top20": [
        0.20939276251792677,
        0.08672634783701445,
        0.03797717903323622,
        0.014557110957819905,
        0.0056559144831282845
      ],
      "are_all": [
        710.858597194701,
        301.9782126991625,
        124.02172622407267,
        48.991787624464145,
        18.26767086899876
      ],
      "are_hh": [
        0.37726548086006395,
        0.163496296351371,
        0.06842603859072093,
        0.025091404415502772,
        0.009465850226953157
      ]
    },
    "CountLess": {
      "memory": [
        16,
        32,
        64,
        128,
        256
      ],
      "throughput": [
        0.3897560496398985,
        0.38967101557465483,
        0.38664853349950223,
        0.3778433511144869,
        0.39265457882473415
      ],
      "are_top20": [
        0.007596072826933106,
        0.0031289160372142072,
        0.001433405698211113,
        0.0005062649976217138,
        0.00012384735219853025
      ],
      "are_all": [
        399.08405928094095,
        172.32508131803263,
        71.90268288373738,
        28.83414907197693,
        10.988732987695057
      ],
      "are_hh": [
        0.015874484197587548,
        0.005735967557447755,
        0.0022077692572326094,
        0.000761130138566791,
        0.0001612681392356146
      ]
    },
    "Aegis": {
      "memory": [
        16,
        32,
        64,
        128,
        256
      ],
      "throughput": [
        0.30657702713535556,
        0.3555131890960635,
        0.412870340623812,
        0.41827313819734846,
        0.4793445115525036
      ],
      "are_top20": [
        0.0010421487421972324,
        0.0002609757639253985,
        7.756790423320657e-05,
        4.095004576529523e-05,
        3.377861587029291e-05
      ],
      "are_all": [
        0.9944522099054999,
        0.9889055649038173,
        0.9780377757877838,
        0.9571852263792436,
        0.9187580313115232
      ],
      "are_hh": [
        0.021939401095754516,
        0.003585246523128989,
        0.0013240795297708248,
        0.000593188307996497,
        0.00016170005046508908
      ]
    },
    "Elastic": {
      "memory": [
        16,
        32,
        64,
        128,
        256
      ],
      "throughput": [
        0.5824257645936335,
        0.6124050566049791,
        0.6608776892576845,
        0.7322968489021329,
        0.8368312261635065
      ],
      "are_top20": [
        0.29396390021281665,
        0.16793384671456285,
        0.10833039212879496,
        0.05569859140788722,
        0.0289488614570436
      ],
      "are_all": [
        344.3042876458105,
        151.63022736396616,
        62.99370355970423,
        24.65806985438489,
        8.734225730167852
      ],
      "are_hh": [
        0.43608819963062007,
        0.22721298735551948,
        0.13932810229722475,
        0.07560045473205115,
        0.029193751671946464
      ]
    },
    "Nitro": {
      "memory": [
        16,
        32,
        64,
        128,
        256
      ],
      "throughput": [
        0.37271035142815717,
        0.3628610460969678,
        0.3622888482109331,
        0.35514830625578153,
        0.37052583265375466
      ],
      "are_top20": [
        0.21943306454144107,
        0.09909792078653598,
        0.053675377378500276,
        0.04082858760876926,
        0.039399978280840436
      ],
      "are_all": [
        702.2123983027311,
        294.2746728844197,
        117.51015159573997,
        43.75822541461742,
        14.672066708046092
      ],
      "are_hh": [
        0.37408395310102116,
        0.16326142682100495,
        0.08185266653778865,
        0.0583032475838352,
        0.053574596013785954
      ]
    },
    "Waving": {
      "memory": [
        16,
        32,
        64,
        128,
        256
      ],
      "throughput": [
        0.2806610109214412,
        0.2831946434973238,
        0.27795532956539115,
        0.2805582831655348,
        0.28552623534645993
      ],
      "are_top20": [
        0.4988775808973003,
        0.3076206079941285,
        0.26688352873089505,
        0.2976919633114915,
        0.210230162965507
      ],
      "are_all": [
        1.0126459879518421,
        1.0191700413983042,
        1.027305127161572,
        1.027048784439644,
        1.0312605845745546
      ],
      "are_hh": [
        0.6042822254417728,
        0.4339337299297158,
        0.33947094667751376,
        0.2882225581972872,
        0.23643038613308368
      ]
    },
    "UnivMon": {
      "memory": [
        16,
        32,
        64,
        128,
        256
      ],
      "throughput": [
        0.3023251426542527,
        0.301355189348631,
        0.2950521539013213,
        0.3006572769546796,
        0.3096746834361676
      ],
      "are_top20": [
        0.7286373961875328,
        0.678422205676201,
        0.7055453926444984,
        0.6721447835228893,
        0.6668676638208061
      ],
      "are_all": [
        419.4199569254131,
        266.4404192007311,
        173.523553414805,
        107.48993817752279,
        64.92214186199361
      ],
      "are_hh": [
        0.7818584983588319,
        0.6627508171508519,
        0.6211071058209027,
        0.6038197917850944,
        0.582586164649727
      ]
    },
    "SktVisor": {
      "memory": [
        16,
        32,
        64,
        128,
        256
      ],
      "throughput": [
        0.4158812929918324,
        0.4143551895910458,
        0.40684303450591003,
        0.411474733060627,
        0.4259419565912772
      ],
      "are_top20": [
        0.015281994848904912,
        0.006457162894598382,
        0.0020722953533546746,
        0.0007156441389928285,
        0.00019976800772094835
      ],
      "are_all": [
        481.8813609185297,
        211.8322866929364,
        90.08790526151363,
        36.988735882254936,
        14.598646581778372
      ],
      "are_hh": [
        0.03589228914564266,
        0.013393137689752952,
        0.004793155104294792,
        0.001913567461291398,
        0.0005667491017479955
      ]
    },
    "Stable": {
      "memory": [
        16,
        32,
        64,
        128,
        256
      ],
      "throughput": [
        0.27740435394311513,
        0.29565213081256136,
        0.3113575015543308,
        0.3464907813028764,
        0.37405591134387917
      ],
      "are_top20": [
        0.21006788523686132,
        0.0020512143927725493,
        0.010301746084361907,
        0.005049030073824618,
        0.009236712695346264
      ],
      "are_all": [
        0.993133317774163,
        0.986474607605724,
        0.9733568593495961,
        0.9471656506147533,
        0.8941545658321252
      ],
      "are_hh": [
        0.21273080765832159,
        0.08345612979158423,
        0.05694263406575497,
        0.023564402462663128,
        0.005057320517333222
      ]
    }
  }
}